START transaction;

SET SQL_SAFE_UPDATES = 0;

-- Usuario ok
INSERT INTO Usuario (nome, email, senha_hash, perfil) VALUES
-- EMPREGADORES
('Cavalcanti', 'Cavalcanti@exemplo.com', '', 'EMPREGADOR'),
('Campos S.A.', 'CamposSA@exemplo.com', '', 'EMPREGADOR'),
('Ramos - ME', 'RamosME@exemplo.com', '', 'EMPREGADOR'),
('da Paz Ramos S/A', 'daPazRamosSA@exemplo.com', '', 'EMPREGADOR'),
('Azevedo', 'Azevedo@exemplo.com', '', 'EMPREGADOR'),
('Ramos Araújo - EI', 'RamosAraujoEI@exemplo.com', '', 'EMPREGADOR'),
('Peixoto', 'Peixoto@exemplo.com', '', 'EMPREGADOR'),
('Nogueira', 'Nogueira@exemplo.com', '', 'EMPREGADOR'),
('Porto - ME', 'PortoME@exemplo.com', '', 'EMPREGADOR'),
('Duarte Silveira Ltda.', 'DuarteSilveiraLtda@exemplo.com', '', 'EMPREGADOR'),
('Costela Ltda.', 'CostelaLtda@exemplo.com', '', 'EMPREGADOR'),
('IBM Brasil', 'IBM-Brasil@exemplo.com', '', 'EMPREGADOR'),
('TOTVS', 'TOTVS@exemplo.com', '', 'EMPREGADOR'),
('Amazon Brasil', 'AmazonBrasil@exemplo.com', '', 'EMPREGADOR'),
('Itaú Unibanco', 'ItauUnibanco@exemplo.com', '', 'EMPREGADOR'),
('Microsoft Brasil', 'MicrosoftBrasil@exemplo.com', '', 'EMPREGADOR'),
('Globo.com', 'GloboCom@exemplo.com', '', 'EMPREGADOR'),
('Google Brasil', 'GoogleBrasil@exemplo.com', '', 'EMPREGADOR'),
('Petrobras', 'Petrobras@exemplo.com', '', 'EMPREGADOR'),
('Ferreira', 'Ferreira@exemplo.com', '', 'EMPREGADOR'),
('Mercado Livre', 'MercadoLivre@exemplo.com', '', 'EMPREGADOR'),
('Vale', 'Vale@exemplo.com', '', 'EMPREGADOR'),
('Embraer', 'Embraer@exemplo.com', '', 'EMPREGADOR'),
('Gomes', 'Gomes@exemplo.com', '', 'EMPREGADOR'),
('Campos Costa - EI', 'CamposCostaEI@exemplo.com', '', 'EMPREGADOR'),
('Lopes S/A', 'LopesSA@exemplo.com', '', 'EMPREGADOR'),
('Whirlpool', 'Whirlpool@exemplo.com', '', 'EMPREGADOR'),
('Unesp', 'Unesp@exemplo.com', '', 'EMPREGADOR'),
('PagSeguro', 'PagSeguro@exemplo.com', '', 'EMPREGADOR'),
('Nubank', 'Nubank@exemplo.com', '', 'EMPREGADOR'),
-- CANDIDATOS
('Henrique Ferreira Santos','henrique.ferreira.santos@exemplo.com','', 'CANDIDATO'),
('Paula Moreira Pereira','paula.moreira.pereira@exemplo.com','', 'CANDIDATO'),
('Sofia Teixeira da Silva','sofia.teixeira.da.silva@exemplo.com','', 'CANDIDATO'),
('Carla Mendes Ferreira','carla.mendes.ferreira@yahoo.com','', 'CANDIDATO'),
('Tiago Barros Ferreira','tiago.barros.ferreira@exemplo.com','', 'CANDIDATO'),
('Eduarda Rocha Santos','eduarda.rocha.santos@yahoo.com','', 'CANDIDATO'),
('Eduarda Rocha Pereira','eduarda.rocha.pereira@exemplo.com','', 'CANDIDATO'),
('Tiago Barros Santos','tiago.barros.santos@exemplo.com','', 'CANDIDATO'),
('Eduarda Rocha Ferreira','eduarda.rocha.ferreira@exemplo.com','', 'CANDIDATO'),
('Sofia Teixeira da Silva','sofia.teixeira.da.silva@outlook.com','', 'CANDIDATO'),
('Ricardo Nunes Melo','ricardo.nunes.melo@exemplo.com','', 'CANDIDATO'),
('Natália Andrade Santos','natália.andrade.santos@exemplo.com','', 'CANDIDATO'),
('Karen Martins Ferreira','karen.martins.ferreira@exemplo.com','', 'CANDIDATO'),
('João Pereira da Silva','joão.pereira.da.silva@exemplo.com','', 'CANDIDATO'),
('Carla Mendes da Silva','carla.mendes.da.silva@exemplo.com','', 'CANDIDATO'),
('João Pereira Santos','joão.pereira.santos@exemplo.com','', 'CANDIDATO'),
('Henrique Ferreira Ferreira','henrique.ferreira.ferreira@exemplo.com','', 'CANDIDATO'),
('Sofia Teixeira Melo','sofia.teixeira.melo@exemplo.com','', 'CANDIDATO'),
('Sofia Teixeira da Silva','sofia.teixeira.da.silva@gmail.com','', 'CANDIDATO'),
('Lucas Ribeiro Pereira','lucas.ribeiro.pereira@exemplo.com','', 'CANDIDATO'),
('Paula Moreira Pereira','paula.moreira.pereira@gmail.com','', 'CANDIDATO'),
('Natália Andrade Ferreira','natália.andrade.ferreira@exemplo.com','', 'CANDIDATO'),
('Henrique Ferreira Pereira','henrique.ferreira.pereira@exemplo.com','', 'CANDIDATO'),
('Diego Oliveira Pereira','diego.oliveira.pereira@exemplo.com','', 'CANDIDATO'),
('Isabela Costa Ferreira','isabela.costa.ferreira@exemplo.com','', 'CANDIDATO'),
('Henrique Ferreira Ferreira','henrique.ferreira.ferreira@outlook.com','', 'CANDIDATO'),
('Sofia Teixeira Pereira','sofia.teixeira.pereira@exemplo.com','', 'CANDIDATO'),
('Bruno Lima Pereira','bruno.lima.pereira@exemplo.com','', 'CANDIDATO'),
('Henrique Ferreira Melo','henrique.ferreira.melo@exemplo.com','', 'CANDIDATO'),
('Tiago Barros Melo','tiago.barros.melo@exemplo.com','', 'CANDIDATO'),
('Diego Oliveira Melo','diego.oliveira.melo@exemplo.com','', 'CANDIDATO'),
('Ana Souza da Silva','ana.souza.da.silva@exemplo.com','', 'CANDIDATO'),
('Natália Andrade da Silva','natália.andrade.da.silva@exemplo.com','', 'CANDIDATO'),
('Eduarda Rocha Pereira','eduarda.rocha.pereira@gmail.com','', 'CANDIDATO'),
('Paula Moreira da Silva','paula.moreira.da.silva@exemplo.com','', 'CANDIDATO'),
('João Pereira Melo','joão.pereira.melo@exemplo.com','', 'CANDIDATO'),
('Henrique Ferreira Melo','henrique.ferreira.melo@outlook.com','', 'CANDIDATO'),
('Vanessa Lima Santos','vanessa.lima.santos@exemplo.com','', 'CANDIDATO'),
('Karen Martins Melo','karen.martins.melo@exemplo.com','', 'CANDIDATO'),
('Otávio Carvalho da Silva','otávio.carvalho.da.silva@exemplo.com','', 'CANDIDATO'),
('Lucas Ribeiro Pereira','lucas.ribeiro.pereira@yahoo.com','', 'CANDIDATO'),
('Carla Mendes Melo','carla.mendes.melo@exemplo.com','', 'CANDIDATO'),
('Felipe Alves da Silva','felipe.alves.da.silva@exemplo.com','', 'CANDIDATO'),
('Ricardo Nunes Melo','ricardo.nunes.melo@yahoo.com','', 'CANDIDATO'),
('Karen Martins da Silva','karen.martins.da.silva@exemplo.com','', 'CANDIDATO'),
('Ana Souza Melo','ana.souza.melo@exemplo.com','', 'CANDIDATO'),
('Ricardo Nunes da Silva','ricardo.nunes.da.silva@exemplo.com','', 'CANDIDATO'),
('Paula Moreira Santos','paula.moreira.santos@exemplo.com','', 'CANDIDATO'),
('Lucas Ribeiro da Silva','lucas.ribeiro.da.silva@exemplo.com','', 'CANDIDATO'),
('Henrique Ferreira Santos','henrique.ferreira.santos@gmail.com','', 'CANDIDATO'),
('Tiago Barros Pereira','tiago.barros.pereira@exemplo.com','', 'CANDIDATO'),
('Mariana Gomes Melo','mariana.gomes.melo@exemplo.com','', 'CANDIDATO'),
('Vanessa Lima Pereira','vanessa.lima.pereira@exemplo.com','', 'CANDIDATO'),
('Ana Souza Santos','ana.souza.santos@exemplo.com','', 'CANDIDATO'),
('Henrique Ferreira da Silva','henrique.ferreira.da.silva@exemplo.com','', 'CANDIDATO'),
('Felipe Alves da Silva','felipe.alves.da.silva@globo.com','', 'CANDIDATO'),
('João Pereira Ferreira','joão.pereira.ferreira@exemplo.com','', 'CANDIDATO'),
('Paula Moreira Melo','paula.moreira.melo@exemplo.com','', 'CANDIDATO'),
('Tiago Barros Pereira','tiago.barros.pereira@outlook.com','', 'CANDIDATO'),
('Mariana Gomes Pereira','mariana.gomes.pereira@exemplo.com','', 'CANDIDATO'),
('Paula Moreira Melo','paula.moreira.melo@hotmail.com','', 'CANDIDATO'),
('Tiago Barros da Silva','tiago.barros.da.silva@exemplo.com','', 'CANDIDATO'),
('Vanessa Lima Santos','vanessa.lima.santos@outlook.com','', 'CANDIDATO'),
('Henrique Ferreira Ferreira','henrique.ferreira.ferreira@gmail.com','', 'CANDIDATO'),
('Ricardo Nunes Pereira','ricardo.nunes.pereira@exemplo.com','', 'CANDIDATO'),
('Carla Mendes Ferreira','carla.mendes.ferreira@exemplo.com','', 'CANDIDATO'),
('João Pereira Ferreira','joão.pereira.ferreira@hotmail.com','', 'CANDIDATO'),
('João Pereira da Silva','joão.pereira.da.silva@globo.com','', 'CANDIDATO'),
('Mariana Gomes da Silva','mariana.gomes.da.silva@exemplo.com','', 'CANDIDATO'),
('Eduarda Rocha da Silva','eduarda.rocha.da.silva@exemplo.com','', 'CANDIDATO'),
('Ricardo Nunes Ferreira','ricardo.nunes.ferreira@exemplo.com','', 'CANDIDATO'),
('Sofia Teixeira Pereira','sofia.teixeira.pereira@gmail.com','', 'CANDIDATO'),
('Paula Moreira Pereira','paula.moreira.pereira@yahoo.com','', 'CANDIDATO'),
('Lucas Ribeiro Santos','lucas.ribeiro.santos@exemplo.com','', 'CANDIDATO'),
('Carla Mendes da Silva','carla.mendes.da.silva@gmail.com','', 'CANDIDATO'),
('Ana Souza Santos','ana.souza.santos@gmail.com','', 'CANDIDATO'),
('Ana Souza Pereira','ana.souza.pereira@exemplo.com','', 'CANDIDATO'),
('Isabela Costa Ferreira','isabela.costa.ferreira@globo.com','', 'CANDIDATO'),
('Natália Andrade da Silva','natália.andrade.da.silva@yahoo.com','', 'CANDIDATO'),
('Otávio Carvalho Melo','otávio.carvalho.melo@exemplo.com','', 'CANDIDATO'),
('Vanessa Lima Melo','vanessa.lima.melo@gmail.com','', 'CANDIDATO'),
('Vanessa Lima Melo','vanessa.lima.melo@exemplo.com','', 'CANDIDATO'),
('Karen Martins Santos','karen.martins.santos@exemplo.com','', 'CANDIDATO'),
('Paula Moreira da Silva','paula.moreira.da.silva@globo.com','', 'CANDIDATO'),
('Henrique Ferreira Santos','henrique.ferreira.santos@hotmail.com','', 'CANDIDATO'),
('Isabela Costa Pereira','isabela.costa.pereira@exemplo.com','', 'CANDIDATO'),
('Eduarda Rocha Santos','eduarda.rocha.santos@exemplo.com','', 'CANDIDATO'),
('Henrique Ferreira Santos','henrique.ferreira.santos@yahoo.com','', 'CANDIDATO'),
('Vanessa Lima Melo','vanessa.lima.melo@hotmail.com','', 'CANDIDATO'),
('Sofia Teixeira Santos','sofia.teixeira.santos@exemplo.com','', 'CANDIDATO'),
('Paula Moreira Pereira','paula.moreira.pereira@outlook.com','', 'CANDIDATO'),
('Henrique Ferreira Pereira','henrique.ferreira.pereira@hotmail.com','', 'CANDIDATO'),
('Otávio Carvalho Ferreira','otávio.carvalho.ferreira@exemplo.com','', 'CANDIDATO'),
('Gabriela Santos Santos','gabriela.santos.santos@exemplo.com','', 'CANDIDATO'),
('João Pereira Ferreira','joão.pereira.ferreira@outlook.com','', 'CANDIDATO'),
('Ricardo Nunes Melo','ricardo.nunes.melo@globo.com','', 'CANDIDATO'),
('Ana Souza da Silva','ana.souza.da.silva@gmail.com','', 'CANDIDATO'),
('Eduarda Rocha Santos','eduarda.rocha.santos@hotmail.com','', 'CANDIDATO'),
('Felipe Alves Melo','felipe.alves.melo@exemplo.com','', 'CANDIDATO'),
('Vanessa Lima Santos','vanessa.lima.santos@ig.com','', 'CANDIDATO');
-- ALTER TABLE Usuario AUTO_INCREMENT = 1
-- select * from Usuario
-- delete from Usuario


-- Empresa ok
INSERT INTO Empregador (id_usuario, razao_social) VALUES
(1, 'Cavalcanti') ,
(2,'Campos S.A.') ,
(3,'Ramosid_usuario - ME') ,
(4,'da Paz Ramos S/A'),
(5,'Azevedo') ,
(6,'Ramos Araújo - EI') ,
(7,'Peixoto') ,
(8,'Nogueira'),
(9,'Porto - ME') ,
(10,'Duarte Silveira Ltda.'),
(11,'Costela Ltda.') ,
(12,'IBM Brasil') ,
(13,'TOTVS') ,
(14,'Amazon Brasil'),
(15,'Itaú Unibanco') ,
(16,'Microsoft Brasil'),
(17,'Globo.com') ,
(18,'Google Brasil') ,
(19,'Petrobras') ,
(20,'Ferreira') ,
(21,'Mercado Livre'),
(22,'Vale') ,
(23,'Embraer') ,
(24,'Gomes') ,
(25,'Campos Costa - EI'),
(26,'Lopes S/A') ,
(27,'Whirlpool'),
(28,'Unesp') ,
(29,'PagSeguro') ,
(30,'Nubank');
-- ALTER TABLE Empregador AUTO_INCREMENT = 1
-- select * from Empregador
-- delete from Empregador

-- Localização OK
INSERT INTO Localizacao (cidade, estado) VALUES

('Fortaleza', 'CE'), ('Florianópolis', 'SC'), ('Recife', 'PE'), ('Curitiba', 'PR'),
('Salvador', 'BA'), ('Brasília', 'DF'), ('Rio de Janeiro', 'RJ'), ('Porto Alegre', 'RS'),
('São Paulo', 'SP'), ('Belo Horizonte', 'MG'), ('Rio Claro', 'SP');


-- Habilidade ok
INSERT INTO Habilidade (nome) VALUES
('AWS'), ('Azure'), ('C#'), ('CI/CD'), ('CSS'), ('Django'), ('Docker'),
('Flask'), ('GCP'), ('Git'), ('Google Cloud'), ('Hadoop'), ('HTML'), ('Java'),
('JavaScript'), ('Kanban'), ('Kubernetes'), ('Linux'), ('MongoDB'), ('Node.js'),
('NoSQL'), ('PostgreSQL'), ('Power BI'), ('Python'), ('PyTorch'), ('React'),
('Scrum'), ('Spark'), ('SQL'), ('Tableau'), ('TensorFlow'), ('MySQL'), ('Vue.js'), ('Angular'), ('Redis');

-- Idioma ok
INSERT INTO Idioma (nome) VALUES
('Inglês'), ('Português'), ('Alemão'), ('Espanhol'), ('Francês');

-- Vaga ok
INSERT INTO Vaga (titulo, descricao, id_local, tipo_contrato, salario, id_empregador) VALUES
('Desenvolvedor Frontend','Conduzir projetos de ciência de dados, desde a coleta e limpeza até a modelagem e visualização.',11,'CLT',9020 ,27),
('Scrum Master','Implementar e monitorar práticas de segurança da informação, mitigando riscos cibernéticos.',9,'Estágio',3431 ,28),
('Administrador de Banco de Dados','Implementar e monitorar práticas de segurança da informação, mitigando riscos cibernéticos.',2,'CLT',10362 ,1),
('Cientista de Dados','Prestar suporte técnico a usuários, solucionando problemas de hardware e software.',3,'Estágio',14653 ,2),
('Desenvolvedor Fullstack','Projetar e treinar modelos de machine learning para resolver problemas complexos de negócio.',2,'Temporário',5740 ,3),
('Especialista em Redes','Prestar suporte técnico a usuários, solucionando problemas de hardware e software.',4,'PJ',7875 ,4),
('Infra TI','Desenvolver soluções em nuvem utilizando AWS, Azure ou GCP, garantindo escalabilidade e confiabilidade.',5,'Temporário',11742 ,5),
('Desenvolvedor Fullstack','Administrar e otimizar bancos de dados relacionais e não relacionais, garantindo disponibilidade.',6,'Estágio',12515 ,6),
('Desenvolvedor Backend','Coordenar equipes de desenvolvimento, assegurando a entrega de projetos no prazo e orçamento.',7,'Estágio',6835 ,7),
('Arquiteto de Soluções','Administrar e otimizar bancos de dados relacionais e não relacionais, garantindo disponibilidade.',2,'PJ',3493 ,8),
('Especialista em Cloud Computing','Coordenar equipes de desenvolvimento, assegurando a entrega de projetos no prazo e orçamento.',2,'Temporário',10707 ,9),
('Cientista de Dados','Implementar e monitorar práticas de segurança da informação, mitigando riscos cibernéticos.',1,'Temporário',4106 ,10),
('Cientista de Dados','Desenvolver soluções em nuvem utilizando AWS, Azure ou GCP, garantindo escalabilidade e confiabilidade.',4,'Temporário',8034 ,11),
('Engenheiro DevOps','Responsável por desenvolver e manter aplicações escaláveis, garantindo alta performance e segurança.',8,'Estágio',11255 ,12),
('Designer de UX/UI','Projetar e treinar modelos de machine learning para resolver problemas complexos de negócio.',2,'PJ',8110 ,12),
('Arquiteto de Soluções','Administrar e otimizar bancos de dados relacionais e não relacionais, garantindo disponibilidade.',3,'Temporário',10633 ,13),
('Analista de Sistemas','Administrar e otimizar bancos de dados relacionais e não relacionais, garantindo disponibilidade.',5,'Estágio',9535 ,12),
('Product Owner','Administrar e otimizar bancos de dados relacionais e não relacionais, garantindo disponibilidade.',5,'PJ',8160 ,12),
('Engenheiro DevOps','Desenvolver soluções em nuvem utilizando AWS, Azure ou GCP, garantindo escalabilidade e confiabilidade.',11,'CLT',7634 ,27),
('Designer de UX/UI','Atuar na análise, modelagem e otimização de processos de dados, criando pipelines eficientes.',1,'Temporário',4757 ,13),
('Administrador de Banco de Dados','Atuar na análise, modelagem e otimização de processos de dados, criando pipelines eficientes.',8,'Temporário',3599 ,12),
('Especialista em Redes','Desenvolver soluções em nuvem utilizando AWS, Azure ou GCP, garantindo escalabilidade e confiabilidade.',1,'Estágio',8036 ,13),
('Engenheiro de Machine Learning','Coordenar equipes de desenvolvimento, assegurando a entrega de projetos no prazo e orçamento.',2,'PJ',11317 ,13),
('Desenvolvedor Backend','Administrar e otimizar bancos de dados relacionais e não relacionais, garantindo disponibilidade.',1,'Estágio',11004 ,14),
('Engenheiro DevOps','Desenvolver interfaces intuitivas e responsivas, focadas na melhor experiência do usuário.',4,'CLT',4181 ,12),
('Especialista em Cloud Computing','Prestar suporte técnico a usuários, solucionando problemas de hardware e software.',9,'Estágio',3145 ,12),
('Analista de BI','Desenvolver interfaces intuitivas e responsivas, focadas na melhor experiência do usuário.',2,'Temporário',12205 ,12),
('Analista de Qualidade de Software','Administrar e otimizar bancos de dados relacionais e não relacionais, garantindo disponibilidade.',3,'Estágio',6988 ,12),
('Arquiteto de Soluções','Implementar e monitorar práticas de segurança da informação, mitigando riscos cibernéticos.',2,'PJ',12254 ,15),
('Infra TI','Projetar e treinar modelos de machine learning para resolver problemas complexos de negócio.',10,'Temporário',9240 ,16),
('Engenheiro DevOps','Implementar e monitorar práticas de segurança da informação, mitigando riscos cibernéticos.',2,'Estágio',14940 ,17),
('Arquiteto de Soluções','Atuar na análise, modelagem e otimização de processos de dados, criando pipelines eficientes.',3,'Temporário',12733 ,18),
('Arquiteto de Soluções','Desenvolver interfaces intuitivas e responsivas, focadas na melhor experiência do usuário.',8,'CLT',9882 ,19),
('Desenvolvedor Fullstack','Administrar e otimizar bancos de dados relacionais e não relacionais, garantindo disponibilidade.',7,'Temporário',8892 ,20),
('Administrador de Banco de Dados','Implementar e monitorar práticas de segurança da informação, mitigando riscos cibernéticos.',9,'Temporário',7605 ,12),
('Desenvolvedor Backend','Responsável por desenvolver e manter aplicações escaláveis, garantindo alta performance e segurança.',10,'PJ',3396 ,13),
('Especialista em Redes','Responsável por desenvolver e manter aplicações escaláveis, garantindo alta performance e segurança.',3,'Estágio',7866 ,19),
('Especialista em Redes','Implementar e monitorar práticas de segurança da informação, mitigando riscos cibernéticos.',9,'Temporário',4913 ,12),
('Analista de Suporte Técnico','Administrar e otimizar bancos de dados relacionais e não relacionais, garantindo disponibilidade.',8,'Temporário',9016 ,16),
('Analista de BI','Coordenar equipes de desenvolvimento, assegurando a entrega de projetos no prazo e orçamento.',10,'Estágio',4122 ,13),
('Desenvolvedor Backend','Projetar e treinar modelos de machine learning para resolver problemas complexos de negócio.',7,'CLT',11319 ,14),
('Analista de BI','Conduzir projetos de ciência de dados, desde a coleta e limpeza até a modelagem e visualização.',5,'Temporário',14391 ,21),
('Cientista de Dados','Implementar e monitorar práticas de segurança da informação, mitigando riscos cibernéticos.',2,'PJ',14156 ,19),
('Engenheiro de Dados','Projetar e treinar modelos de machine learning para resolver problemas complexos de negócio.',5,'CLT',9396 ,17),
('Engenheiro de Machine Learning','Implementar e monitorar práticas de segurança da informação, mitigando riscos cibernéticos.',5,'CLT',11192 ,17),
('Analista de BI','Desenvolver soluções em nuvem utilizando AWS, Azure ou GCP, garantindo escalabilidade e confiabilidade.',9,'Estágio',13471 ,22),
('Especialista em Redes','Desenvolver soluções em nuvem utilizando AWS, Azure ou GCP, garantindo escalabilidade e confiabilidade.',7,'Estágio',11234 ,23),
('Analista de Suporte Técnico','Implementar e monitorar práticas de segurança da informação, mitigando riscos cibernéticos.',7,'PJ',12804 ,24),
('Engenheiro DevOps','Prestar suporte técnico a usuários, solucionando problemas de hardware e software.',7,'PJ',4872 ,25),
('Analista de Segurança da Informação','Implementar e monitorar práticas de segurança da informação, mitigando riscos cibernéticos.',2,'Temporário',10136 ,26);
-- ALTER TABLE Vaga AUTO_INCREMENT = 1
-- select * from Vaga
-- delete from Vaga

-- Vaga-Habilidade ok
INSERT INTO Vaga_Habilidade (id_vaga, id_hab) VALUES
(1,1), (1,24), (1,27), (2,26), (2,27), (2,4), (2,21), (2,14), (3,21), (3,15),
(3,27),(3,13),(3,16),(3,30),(4,30),(4,15),(4,23),(5,26),(5,13),(5,29),(5,24),(5,23),(5,10),(6,24),(6,28),(6,29),(6,23),
(7,7),(7,2),(7,9),(8,18),(8,4),(8,1),(8,29),(8,7),(8,27),(9,28),(9,13),(9,30),(9,12),(9,20),(9,9),(10,10),(10,2),(10,27),
(11,27),(11,15),(11,12),(11,9),(12,15),(12,12),(12,20),(12,23),(13,4),(13,1),(13,21),(13,16),(13,29),(13,18),(14,7),(14,17),
(14,18),(15,26),(15,1),(15,4),(15,14),(15,29),(16,30),(16,24),(16,29),(16,27),(17,29),(17,21),(17,13),(17,24),(17,9),(17,23),
(18,5),(18,7),(18,28),(18,26),(18,24),(18,1),(19,28),(19,12),(19,9),(19,10),(20,23),(20,28),(20,15),(20,21),(20,14),(20,2),
(21,1),(21,26),(21,28),(22,27),(22,12),(22,2),(23,7),(23,26),(23,24),(23,30),(24,17),(24,12),(24,13),(25,28),(25,2),(25,13),
(25,30),(25,16),(26,10),(26,23),(26,17),(26,29),(27,5),(27,21),(27,13),(27,18),(27,20),(28,20),(28,24),(28,14),(29,7),(29,1),
(29,15),(29,9),(30,4),(30,12),(30,14),(30,20),(30,2),(30,17),(31,15),(31,21),(31,5),(32,17),(32,14),(32,2),(32,28),(33,12),
(33,23),(33,26),(34,15),(34,1),(34,20),(34,17),(35,18),(35,20),(35,16),(35,29),(35,14),(36,28),(36,7),(36,29),(36,4),(36,17),
(36,27),(37,26),(37,30),(37,2),(37,27),(38,13),(38,20),(38,27),(39,7),(39,1),(39,5),(39,23),(39,17),(40,28),(40,4),(40,14),(40,20),
(40,9),(40,2),(41,20),(41,16),(41,17),(41,30),(41,29),(41,23),(42,14),(42,1),(42,13),(42,15),(42,29),(43,27),(43,12),(43,26),(43,2),
(43,18),(43,30),(44,27),(44,14),(44,24),(44,26),(44,18),(44,20),(45,24),(45,27),(45,13),(46,29),(46,26),(46,1),(47,18),(47,30),
(47,7),(47,1),(48,9),(48,26),(48,1),(49,21),(49,7),(49,18),(49,24),(49,14),(49,12),(50,28),(50,18),(50,20),(50,10);


-- Candidato ok
INSERT INTO Candidato (id_usuario, nome, email, telefone) VALUES
(31,'Henrique Ferreira Santos','henrique.ferreira.santos@exemplo.com','+55 11 91896-2569'),
(32,'Paula Moreira Pereira','paula.moreira.pereira@exemplo.com','+55 11 92741-1032'),
(33,'Sofia Teixeira da Silva','sofia.teixeira.da.silva@exemplo.com','+55 11 93482-7719'),
(34,'Carla Mendes Ferreira','carla.mendes.ferreira@yahoo.com','+55 11 99173-4405'),
(35,'Tiago Barros Ferreira','tiago.barros.ferreira@exemplo.com','+55 11 98463-8821'),
(36,'Eduarda Rocha Santos','eduarda.rocha.santos@yahoo.com','+55 11 91248-3376'),
(37,'Eduarda Rocha Pereira','eduarda.rocha.pereira@exemplo.com','+55 11 99712-6643'),
(38,'Tiago Barros Santos','tiago.barros.santos@exemplo.com','+55 11 92284-5107'),
(39,'Eduarda Rocha Ferreira','eduarda.rocha.ferreira@exemplo.com','+55 11 93642-8790'),
(40,'Sofia Teixeira da Silva','sofia.teixeira.da.silva@outlook.com','+55 11 92985-3411'),
(41,'Ricardo Nunes Melo','ricardo.nunes.melo@exemplo.com','+55 11 91724-6658'),
(42,'Natália Andrade Santos','natália.andrade.santos@exemplo.com','+55 11 93861-2940'),
(43,'Karen Martins Ferreira','karen.martins.ferreira@exemplo.com','+55 11 98572-1106'),
(44,'João Pereira da Silva','joão.pereira.da.silva@exemplo.com','+55 11 93164-5539'),
(45,'Carla Mendes da Silva','carla.mendes.da.silva@exemplo.com','+55 11 94652-8017'),
(46,'João Pereira Santos','joão.pereira.santos@exemplo.com','+55 11 92815-3394'),
(47,'Henrique Ferreira Ferreira','henrique.ferreira.ferreira@exemplo.com','+55 11 99647-2258'),
(48,'Sofia Teixeira Melo','sofia.teixeira.melo@exemplo.com','+55 11 91324-6687'),
(49,'Sofia Teixeira da Silva','sofia.teixeira.da.silva@gmail.com','+55 11 93915-4028'),
(50,'Lucas Ribeiro Pereira','lucas.ribeiro.pereira@exemplo.com','+55 11 92174-7563'),
(51,'Paula Moreira Pereira','paula.moreira.pereira@gmail.com','+55 11 91863-2985'),
(52,'Natália Andrade Ferreira','natália.andrade.ferreira@exemplo.com','+55 11 93419-8706'),
(53,'Henrique Ferreira Pereira','henrique.ferreira.pereira@exemplo.com','+55 11 98715-6402'),
(54,'Diego Oliveira Pereira','diego.oliveira.pereira@exemplo.com','+55 11 92568-4739'),
(55,'Isabela Costa Ferreira','isabela.costa.ferreira@exemplo.com','+55 11 91973-8526'),
(56,'Henrique Ferreira Ferreira','henrique.ferreira.ferreira@outlook.com','+55 11 94512-6083'),
(57,'Sofia Teixeira Pereira','sofia.teixeira.pereira@exemplo.com','+55 11 92283-4710'),
(58,'Bruno Lima Pereira','bruno.lima.pereira@exemplo.com','+55 11 93617-9824'),
(59,'Henrique Ferreira Melo','henrique.ferreira.melo@exemplo.com','+55 11 92976-5138'),
(60,'Tiago Barros Melo','tiago.barros.melo@exemplo.com','+55 11 98541-7920'),
(61,'Diego Oliveira Melo','diego.oliveira.melo@exemplo.com','+55 11 91872-3345'),
(62,'Ana Souza da Silva','ana.souza.da.silva@exemplo.com','+55 11 93418-6029'),
(63,'Natália Andrade da Silva','natália.andrade.da.silva@exemplo.com','+55 11 92645-8730'),
(64,'Eduarda Rocha Pereira','eduarda.rocha.pereira@gmail.com','+55 11 91753-4208'),
(65,'Paula Moreira da Silva','paula.moreira.da.silva@exemplo.com','+55 11 94261-7894'),
(66,'João Pereira Melo','joão.pereira.melo@exemplo.com','+55 11 91582-6739'),
(67,'Henrique Ferreira Melo','henrique.ferreira.melo@outlook.com','+55 11 93564-8127'),
(68,'Vanessa Lima Santos','vanessa.lima.santos@exemplo.com','+55 11 92381-5974'),
(69,'Karen Martins Melo','karen.martins.melo@exemplo.com','+55 11 91642-7839'),
(70,'Otávio Carvalho da Silva','otávio.carvalho.da.silva@exemplo.com','+55 11 93912-6580'),
(71,'Lucas Ribeiro Pereira','lucas.ribeiro.pereira@yahoo.com','+55 11 91824-7953'),
(72,'Carla Mendes Melo','carla.mendes.melo@exemplo.com','+55 11 94415-6823'),
(73,'Felipe Alves da Silva','felipe.alves.da.silva@exemplo.com','+55 11 92283-4016'),
(74,'Ricardo Nunes Melo','ricardo.nunes.melo@yahoo.com','+55 11 91374-8209'),
(75,'Karen Martins da Silva','karen.martins.da.silva@exemplo.com','+55 11 93826-5940'),
(76,'Ana Souza Melo','ana.souza.melo@exemplo.com','+55 11 92765-3187'),
(77,'Ricardo Nunes da Silva','ricardo.nunes.da.silva@exemplo.com','+55 11 93284-6091'),
(78,'Paula Moreira Santos','paula.moreira.santos@exemplo.com','+55 11 91985-4732'),
(79,'Lucas Ribeiro da Silva','lucas.ribeiro.da.silva@exemplo.com','+55 11 93652-8719'),
(80,'Henrique Ferreira Santos','henrique.ferreira.santos@gmail.com','+55 11 92471-3508'),
(81,'Tiago Barros Pereira','tiago.barros.pereira@exemplo.com','+55 11 93726-8154'),
(82,'Mariana Gomes Melo','mariana.gomes.melo@exemplo.com','+55 11 91632-4980'),
(83,'Vanessa Lima Pereira','vanessa.lima.pereira@exemplo.com','+55 11 92961-7324'),
(84,'Ana Souza Santos','ana.souza.santos@exemplo.com','+55 11 91852-6370'),
(85,'Henrique Ferreira da Silva','henrique.ferreira.da.silva@exemplo.com','+55 11 94186-5207'),
(86,'Felipe Alves da Silva','felipe.alves.da.silva@globo.com','+55 11 92637-4152'),
(87,'João Pereira Ferreira','joão.pereira.ferreira@exemplo.com','+55 11 91572-8036'),
(88,'Paula Moreira Melo','paula.moreira.melo@exemplo.com','+55 11 93961-2847'),
(89,'Tiago Barros Pereira','tiago.barros.pereira@outlook.com','+55 11 92274-3685'),
(90,'Mariana Gomes Pereira','mariana.gomes.pereira@exemplo.com','+55 11 91836-7021'),
(91,'Paula Moreira Melo','paula.moreira.melo@hotmail.com','+55 11 93425-8176'),
(92,'Tiago Barros da Silva','tiago.barros.da.silva@exemplo.com','+55 11 92758-4930'),
(93,'Vanessa Lima Santos','vanessa.lima.santos@outlook.com','+55 11 91873-6249'),
(94,'Henrique Ferreira Ferreira','henrique.ferreira.ferreira@gmail.com','+55 11 94632-5810'),
(95,'Ricardo Nunes Pereira','ricardo.nunes.pereira@exemplo.com','+55 11 92316-4908'),
(96,'Carla Mendes Ferreira','carla.mendes.ferreira@exemplo.com','+55 11 91725-8649'),
(97,'João Pereira Ferreira','joão.pereira.ferreira@hotmail.com','+55 11 93974-2186'),
(98,'João Pereira da Silva','joão.pereira.da.silva@globo.com','+55 11 91286-5309'),
(99,'Mariana Gomes da Silva','mariana.gomes.da.silva@exemplo.com','+55 11 92641-7802'),
(100,'Eduarda Rocha da Silva','eduarda.rocha.da.silva@exemplo.com','+55 11 91862-3954'),
(101,'Ricardo Nunes Ferreira','ricardo.nunes.ferreira@exemplo.com','+55 11 94216-8750'),
(102,'Sofia Teixeira Pereira','sofia.teixeira.pereira@gmail.com','+55 11 93482-6109'),
(103,'Paula Moreira Pereira','paula.moreira.pereira@yahoo.com','+55 11 92741-8635'),
(104,'Lucas Ribeiro Santos','lucas.ribeiro.santos@exemplo.com','+55 11 91652-3098'),
(105,'Carla Mendes da Silva','carla.mendes.da.silva@gmail.com','+55 11 92981-4752'),
(106,'Ana Souza Santos','ana.souza.santos@gmail.com','+55 11 92368-5170'),
(107,'Ana Souza Pereira','ana.souza.pereira@exemplo.com','+55 11 91572-4831'),
(108,'Isabela Costa Ferreira','isabela.costa.ferreira@globo.com','+55 11 93826-7415'),
(109,'Natália Andrade da Silva','natália.andrade.da.silva@yahoo.com','+55 11 92174-8903'),
(110,'Otávio Carvalho Melo','otávio.carvalho.melo@exemplo.com','+55 11 91963-2548'),
(111,'Vanessa Lima Melo','vanessa.lima.melo@gmail.com','+55 11 93518-7462'),
(112,'Vanessa Lima Melo','vanessa.lima.melo@exemplo.com','+55 11 91326-5987'),
(113,'Karen Martins Santos','karen.martins.santos@exemplo.com','+55 11 92285-4793'),
(114,'Paula Moreira da Silva','paula.moreira.da.silva@globo.com','+55 11 91834-5609'),
(115,'Henrique Ferreira Santos','henrique.ferreira.santos@hotmail.com','+55 11 93625-7801'),
(116,'Isabela Costa Pereira','isabela.costa.pereira@exemplo.com','+55 11 94263-5097'),
(117,'Eduarda Rocha Santos','eduarda.rocha.santos@exemplo.com','+55 11 91852-3764'),
(118,'Henrique Ferreira Santos','henrique.ferreira.santos@yahoo.com','+55 11 92714-8396'),
(119,'Vanessa Lima Melo','vanessa.lima.melo@hotmail.com','+55 11 91426-5937'),
(120,'Sofia Teixeira Santos','sofia.teixeira.santos@exemplo.com','+55 11 93578-4620'),
(121,'Paula Moreira Pereira','paula.moreira.pereira@outlook.com','+55 11 92385-1704'),
(122,'Henrique Ferreira Pereira','henrique.ferreira.pereira@hotmail.com','+55 11 93761-2803'),
(123,'Otávio Carvalho Ferreira','otávio.carvalho.ferreira@exemplo.com','+55 11 92618-5370'),
(124,'Gabriela Santos Santos','gabriela.santos.santos@exemplo.com','+55 11 91826-4735'),
(125,'João Pereira Ferreira','joão.pereira.ferreira@outlook.com','+55 11 93482-6170'),
(126,'Ricardo Nunes Melo','ricardo.nunes.melo@globo.com','+55 11 92853-4019'),
(127,'Ana Souza da Silva','ana.souza.da.silva@gmail.com','+55 11 91746-5892'),
(128,'Eduarda Rocha Santos','eduarda.rocha.santos@hotmail.com','+55 11 92183-7469'),
(129,'Felipe Alves Melo','felipe.alves.melo@exemplo.com','+55 11 93614-5078'),
(130,'Vanessa Lima Santos','vanessa.lima.santos@ig.com','+55 11 91963-2840');

-- Curriculo ok
INSERT INTO Curriculo (id_candidato) VALUES
(1),(2),(3),(4),(5),(6),(7),(8),(9),(10),
(11),(12),(13),(14),(15),(16),(17),(18),(19),(20),
(21),(22),(23),(24),(25),(26),(27),(28),(29),(30),
(31),(32),(33),(34),(35),(36),(37),(38),(39),(40),
(41),(42),(43),(44),(45),(46),(47),(48),(49),(50),
(51),(52),(53),(54),(55),(56),(57),(58),(59),(60),
(61),(62),(63),(64),(65),(66),(67),(68),(69),(70),
(71),(72),(73),(74),(75),(76),(77),(78),(79),(80),
(81),(82),(83),(84),(85),(86),(87),(88),(89),(90),
(91),(92),(93),(94),(95),(96),(97),(98),(99),(100);

-- CandidatoSkill ok
INSERT INTO Curriculo_Habilidade (id_curriculo, id_hab) VALUES
(1,26),(1,22),(1,19),(1,2),(1,24),(1,14),(2,17),(2,31),(2,5),(2,2),(2,22),(3,21),(3,15),(3,29),(3,12),(3,11),(3,32),(3,22),(3,31),
(4,2),(4,20),(4,28),(4,33),(4,15),(4,12),(4,34),(4,7),(5,26),(5,35),(5,34),(5,20),(5,14),(5,3),(5,15),(6,7),(6,11),(6,32),(6,26),
(6,19),(6,17),(6,24),(7,28),(7,17),(7,22),(7,29),(7,34),(7,1),(7,33),(7,19),(8,29),(8,28),(8,15),(8,14),(8,7),(8,13),(9,17),(9,12),
(9,22),(9,13),(9,33),(9,24),(9,32),(10,20),(10,14),(10,12),(10,5),(10,25),(10,35),(10,11),(10,32),(11,29),(11,32),(11,12),(11,28),
(11,14),(11,1),(12,12),(12,19),(12,1),(12,15),(12,22),(12,24),(13,11),(13,25),(13,15),(13,19),(13,32),(13,12),(13,31),(13,17),(14,21),
(14,26),(14,29),(14,25),(14,3),(15,11),(15,17),(15,15),(15,26),(15,3),(16,26),(16,17),(16,20),(16,24),(16,22),(16,14),(16,34),(16,33),
(17,19),(17,7),(17,26),(17,15),(17,25),(17,14),(18,14),(18,20),(18,26),(18,13),(18,1),(18,12),(18,28),(19,15),(19,34),(19,35),(19,12),
(19,5),(19,26),(20,7),(20,19),(20,2),(20,28),(20,3),(20,15),(21,26),(21,14),(21,29),(21,20),(21,34),(21,7),(22,31),(22,2),(22,11),(22,15),
(22,24),(22,28),(22,7),(22,19),(23,19),(23,34),(23,11),(23,5),(23,26),(24,20),(24,29),(24,19),(24,34),(24,28),(24,12),(24,17),(24,1),
(25,3),(25,28),(25,13),(25,32),(25,33),(25,26),(26,20),(26,1),(26,14),(26,31),(26,24),(26,17),(27,35),(27,15),(27,25),(27,12),(27,3),
(28,2),(28,24),(28,25),(28,34),(28,21),(29,17),(29,25),(29,3),(29,1),(29,28),(29,21),(29,33),(30,3),(30,19),(30,5),(30,35),(30,32),
(31,31),(31,21),(31,28),(31,34),(31,17),(32,31),(32,26),(32,2),(32,20),(32,5),(32,11),(32,24),(32,33),(33,35),(33,22),(33,1),(33,7),
(33,24),(33,13),(34,17),(34,13),(34,5),(34,21),(34,26),(34,24),(34,35),(34,33),(35,19),(35,11),(35,21),(35,1),(35,29),(35,22),(35,12),
(35,28),(36,34),(36,13),(36,35),(36,7),(36,28),(37,22),(37,15),(37,31),(37,34),(37,20),(37,28),(37,35),(38,5),(38,13),(38,26),(38,14),
(38,12),(39,14),(39,29),(39,21),(39,33),(39,24),(39,22),(39,28),(40,35),(40,13),(40,24),(40,34),(40,19),(41,15),(41,14),(41,5),(41,34),
(41,3),(41,28),(42,29),(42,14),(42,31),(42,28),(42,15),(43,1),(43,12),(43,25),(43,17),(43,20),(43,5),(43,21),(44,19),(44,21),(44,5),(44,17),
(44,26),(45,35),(45,21),(45,29),(45,2),(45,19),(45,33),(46,20),(46,32),(46,34),(46,29),(46,7),(46,1),(46,24),(46,13),(47,17),(47,5),(47,7),
(47,22),(47,13),(48,17),(48,19),(48,14),(48,11),(48,29),(48,32),(48,24),(49,24),(49,11),(49,33),(49,15),(49,32),(49,1),(50,35),(50,21),
(50,11),(50,13),(50,22),(50,28),(51,22),(51,13),(51,20),(51,28),(51,2),(52,15),(52,1),(52,3),(52,7),(52,21),(52,20),(52,2),(53,12),
(53,3),(53,28),(53,33),(53,24),(54,35),(54,3),(54,34),(54,11),(54,19),(54,26),(55,25),(55,29),(55,11),(55,13),(55,14),(55,33),(55,32),
(56,20),(56,19),(56,15),(56,25),(56,26),(57,22),(57,35),(57,11),(57,15),(57,24),(57,3),(57,19),(58,7),(58,35),(58,5),(58,32),(58,15),
(58,24),(58,20),(59,32),(59,1),(59,24),(59,3),(59,33),(59,5),(59,28),(60,1),(60,2),(60,28),(60,11),(60,15),(60,33),(60,14),(61,14),(61,32),
(61,29),(61,31),(61,33),(61,3),(61,13),(62,24),(62,19),(62,21),(62,31),(62,26),(62,15),(63,17),(63,21),(63,31),(63,25),(63,19),(63,34),
(63,2),(63,29),(64,13),(64,20),(64,22),(64,33),(64,17),(64,2),(64,14),(65,22),(65,31),(65,2),(65,19),(65,15),(65,7),(66,25),(66,33),
(66,19),(66,26),(66,24),(66,1),(66,17),(66,11),(67,15),(67,34),(67,19),(67,35),(67,17),(67,29),(67,12),(68,35),(68,11),(68,31),(68,1),
(68,28),(68,13),(69,5),(69,31),(69,17),(69,29),(69,19),(69,35),(69,25),(70,25),(70,2),(70,1),(70,12),(70,11),(70,29),(70,26),(71,22),
(71,19),(71,1),(71,3),(71,11),(72,1),(72,28),(72,24),(72,15),(72,26),(72,22),(72,19),(72,14),(73,25),(73,19),(73,32),(73,31),(73,15),(74,21),
(74,11),(74,28),(74,14),(74,15),(74,34),(74,20),(74,2),(75,11),(75,35),(75,32),(75,24),(75,13),(75,17),(76,13),(76,5),(76,28),(76,35),
(76,22),(76,11),(76,12),(77,12),(77,7),(77,34),(77,13),(77,25),(77,5),(77,24),(77,2),(78,19),(78,28),(78,35),(78,5),(78,32),(78,15),(79,1),
(79,20),(79,35),(79,2),(79,24),(79,22),(80,17),(80,12),(80,2),(80,22),(80,35),(81,19),(81,20),(81,21),(81,31),(81,32),(82,14),(82,5),(82,3),
(82,35),(82,12),(82,26),(82,32),(82,22),(83,13),(83,11),(83,22),(83,5),(83,3),(83,24),(84,21),(84,34),(84,28),(84,12),(84,32),(85,22),
(85,11),(85,2),(85,13),(85,25),(85,15),(85,35),(86,34),(86,33),(86,24),(86,1),(86,32),(87,28),(87,20),(87,29),(87,26),(87,24),(87,11),
(87,15),(88,20),(88,29),(88,26),(88,21),(88,13),(88,7),(89,17),(89,2),(89,14),(89,1),(89,25),(90,19),(90,14),(90,32),(90,3),(90,7),
(90,25),(90,24),(91,2),(91,33),(91,13),(91,1),(91,34),(91,3),(91,35),(91,15),(92,34),(92,3),(92,22),(92,7),(92,33),(92,24),(92,19),(92,15),
(93,26),(93,17),(93,20),(93,11),(93,25),(93,31),(93,5),(94,15),(94,24),(94,22),(94,35),(94,29),(95,22),(95,15),(95,19),(95,20),(95,32),
(95,34),(95,12),(96,5),(96,29),(96,26),(96,35),(96,7),(96,2),(96,24),(96,13),(97,19),(97,20),(97,25),(97,1),(97,33),(97,24),(97,32),
(98,15),(98,13),(98,20),(98,1),(98,29),(98,11),(99,29),(99,20),(99,14),(99,5),(99,28),(99,25),(100,5),(100,14),(100,25),(100,11),(100,32),(100,2);


-- CandidatoIdioma ok
INSERT INTO Curriculo_Idioma (id_curriculo, id_idioma) VALUES
(1,1),(2,1),(3,2),(3,5),(4,4),(4,3),(5,4),(6,5),(7,3),(7,2),(7,1),(8,2),(9,5),(9,1),(10,3),(11,3),(11,4),(12,5),
(12,2),(12,4),(13,5),(14,5),(14,4),(14,2),(15,2),(15,5),(15,1),(16,3),(16,1),(16,4),(17,3),(18,1),(19,5),(20,3),
(20,2),(21,3),(21,5),(22,2),(22,1),(23,2),(23,1),(23,5),(24,4),(24,2),(25,4),(25,5),(25,3),(26,3),(27,3),(28,2),
(28,5),(28,1),(29,1),(30,3),(31,1),(31,3),(31,5),(32,4),(32,2),(33,5),(33,3),(34,1),(35,3),(36,3),(37,3),(38,3),
(38,2),(38,4),(39,5),(39,3),(39,4),(40,4),(41,2),(41,5),(42,3),(42,2),(43,5),(43,4),(43,3),(44,4),(44,2),(45,4),
(45,2),(46,2),(46,5),(46,3),(47,5),(48,2),(49,4),(49,1),(49,3),(50,2),(50,1),(51,2),(51,3),(52,4),(52,3),(53,1),
(53,2),(53,5),(54,1),(54,5),(55,3),(55,5),(55,4),(56,5),(57,2),(58,5),(59,5),(60,1),(60,5),(61,2),(61,5),(61,3),
(62,2),(63,4),(63,1),(64,4),(65,4),(65,2),(66,3),(66,5),(66,2),(67,4),(67,5),(68,5),(68,1),(69,5),(70,5),(70,2),
(71,5),(71,1),(71,2),(72,3),(72,2),(72,5),(73,1),(73,2),(73,3),(74,1),(75,3),(75,1),(75,4),(76,4),(76,3),(77,5),
(77,2),(77,1),(78,3),(79,3),(80,1),(81,5),(81,2),(82,2),(82,4),(82,3),(83,1),(84,1),(84,3),(85,3),(86,3),(86,5),
(86,2),(87,1),(87,2),(88,3),(89,1),(89,3),(89,5),(90,3),(90,2),(90,5),(91,5),(91,2),(91,1),(92,1),(92,4),(93,3),
(94,5),(95,1),(96,1),(97,3),(98,3),(98,4),(98,2),(99,4),(99,5),(100,4);

/*
--Verificar se será Implementado
-- CandidatoEmpresaPrevia
INSERT INTO CandidatoEmpresaPrevia (candidato_id, empresa_id) VALUES
(1,12),(2,13),(2,12),(3,12),(3,19),(3,14),(4,12),(5,16),(5,12),(6,19),(6,21),(6,18),(6,13),(7,15),(7,18),(7,29),
(7,12),(8,17),(8,19),(8,23),(8,12),(9,13),(10,19),(11,18),(12,16),(12,22),(12,13),(13,22),(14,13),(14,18),(14,29),
(14,30),(15,13),(16,18),(16,13),(16,29),(16,16),(17,23),(17,12),(17,16),(17,18),(18,19),(18,12),(18,18),(18,16),
(19,13),(19,21),(19,15),(19,19),(20,19),(20,29),(21,13),(21,12),(22,15),(23,14),(23,19),(24,15),(25,22),(26,17),
(26,15),(26,21),(27,15),(28,12),(28,15),(28,16),(28,17),(29,30),(29,23),(30,13),(30,18),(30,23),(30,21),(31,18),
(31,14),(31,19),(31,17),(32,30),(32,21),(33,15),(33,19),(33,12),(33,29),(34,15),(34,12),(34,22),(34,29),(35,29),
(36,23),(36,14),(36,21),(37,12),(37,14),(37,15),(37,16),(38,14),(38,30),(38,19),(39,23),(39,14),(39,13),(40,19),
(40,17),(40,30),(40,15),(41,13),(41,29),(41,19),(41,21),(42,19),(43,14),(43,18),(44,13),(45,18),(46,23),(46,29),
(46,19),(46,30),(47,12),(48,14),(48,17),(48,29),(49,12),(49,22),(50,13),(50,23),(51,22),(52,29),(52,18),(52,12),
(52,15),(53,29),(53,17),(53,18),(53,30),(54,12),(54,30),(54,19),(54,22),(55,23),(56,14),(56,19),(56,30),(57,21),
(57,22),(57,29),(58,19),(59,18),(60,16),(60,19),(61,29),(61,22),(61,12),(61,16),(62,17),(63,16),(64,22),(65,21),
(65,19),(66,12),(66,17),(66,23),(67,29),(67,15),(67,23),(67,19),(68,17),(68,12),(69,19),(69,22),(70,23),(70,13),
(70,30),(71,22),(71,14),(71,18),(72,23),(73,15),(74,22),(74,30),(75,17),(75,22),(75,13),(76,23),(76,29),(76,30),
(77,14),(78,16),(78,21),(78,23),(78,14),(79,18),(80,18),(80,30),(80,14),(81,30),(81,14),(81,21),(81,29),(82,15),
(82,29),(82,13),(82,22),(83,12),(84,19),(85,30),(86,22),(87,18),(88,17),(88,14),(89,15),(89,14),(89,16),(89,21),
(90,30),(91,18),(91,22),(91,19),(92,19),(93,17),(93,30),(93,16),(94,22),(94,13),(94,19),(95,29),(95,30),(96,18),
(97,17),(97,29),(97,18),(97,14),(98,16),(98,19),(98,30),(98,23),(99,12),(99,23),(99,19),(100,13),(100,17),(100,15);
*/
commit; 

-- em caso de erro
-- rollback;